귀리,귀리,"ml,주스,쥬스,음료,즙,원액,액상,에이드,분말,가루"
기장,기장,"ml,주스,쥬스,음료,즙,원액,액상,에이드,분말,가루"
깨,깨,"ml,주스,쥬스,음료,즙,원액,액상,에이드,분말,가루"
녹두,녹두,"ml,주스,쥬스,음료,즙,원액,액상,에이드,분말,가루"
도토리,도토리,"ml,주스,쥬스,음료,즙,원액,액상,에이드,분말,가루"
땅콩,땅콩,"ml,주스,쥬스,음료,즙,원액,액상,에이드,분말,가루"
렌틸콩,렌틸콩,"ml,주스,쥬스,음료,즙,원액,액상,에이드,분말,가루"
밤,밤,"ml,주스,쥬스,음료,즙,원액,액상,에이드,분말,가루"
백미,백미,"ml,주스,쥬스,음료,즙,원액,액상,에이드,분말,가루"
보리,보리,"ml,주스,쥬스,음료,즙,원액,액상,에이드,분말,가루"
수수,수수,"ml,주스,쥬스,음료,즙,원액,액상,에이드,분말,가루"
아몬드,아몬드,"ml,주스,쥬스,음료,즙,원액,액상,에이드,분말,가루"
오트밀,오트밀,"ml,주스,쥬스,음료,즙,원액,액상,에이드,분말,가루"
율무,율무,"ml,주스,쥬스,음료,즙,원액,액상,에이드,분말,가루"
은행,은행,"ml,주스,쥬스,음료,즙,원액,액상,에이드,분말,가루"
잣,잣,"ml,주스,쥬스,음료,즙,원액,액상,에이드,분말,가루"
조,조,"ml,주스,쥬스,음료,즙,원액,액상,에이드,분말,가루"
찹쌀,찹쌀,"ml,주스,쥬스,음료,즙,원액,액상,에이드,분말,가루"
치아씨드햄프씨드,"치아씨드,햄프씨드","ml,주스,쥬스,음료,즙,원액,액상,에이드,분말,가루"
카카오닙스,카카오닙스,"ml,주스,쥬스,음료,즙,원액,액상,에이드,분말,가루"
캐슈넛,캐슈넛,"ml,주스,쥬스,음료,즙,원액,액상,에이드,분말,가루"
콩,콩,"ml,주스,쥬스,음료,즙,원액,액상,에이드,분말,가루"
퀴노아,퀴노아,"ml,주스,쥬스,음료,즙,원액,액상,에이드,분말,가루"
팥,팥,"ml,주스,쥬스,음료,즙,원액,액상,에이드,분말,가루"
피스타치오,피스타치오,"ml,주스,쥬스,음료,즙,원액,액상,에이드,분말,가루"
해바라기씨,해바라기씨,"ml,주스,쥬스,음료,즙,원액,액상,에이드,분말,가루"
헤이즐넛,헤이즐넛,"ml,주스,쥬스,음료,즙,원액,액상,에이드,분말,가루"
현미,현미,"ml,주스,쥬스,음료,즙,원액,액상,에이드,분말,가루"
호두,호두,"ml,주스,쥬스,음료,즙,원액,액상,에이드,분말,가루"
호박씨,호박씨,"ml,주스,쥬스,음료,즙,원액,액상,에이드,분말,가루"
흑미,흑미,"ml,주스,쥬스,음료,즙,원액,액상,에이드,분말,가루"